{"cameraMode":{"drawMode":0,"name":"Shaded","section":"Shading Mode"},"sceneLighting":true,"audioPlay":false,"sceneViewState":{"m_AlwaysRefresh":false,"showFog":true,"showSkybox":true,"showFlares":true,"showImageEffects":true,"showParticleSystems":true,"showVisualEffectGraphs":true,"m_FxEnabled":true},"in2DMode":false,"pivot":{"x":0.14072582125663758,"y":2.9797987937927248,"z":1.0796985626220704},"rotation":{"x":-0.10809159278869629,"y":0.011032002978026867,"z":-0.0011998387053608895,"w":-0.9940807223320007},"size":6.266026496887207,"orthographic":false}