{"cameraMode":{"drawMode":0,"name":"Shaded","section":"Shading Mode"},"sceneLighting":true,"audioPlay":false,"sceneViewState":{"m_AlwaysRefresh":false,"showFog":true,"showSkybox":true,"showFlares":true,"showImageEffects":true,"showParticleSystems":true,"showVisualEffectGraphs":true,"m_FxEnabled":true},"in2DMode":false,"pivot":{"x":1.741319179534912,"y":10.987828254699707,"z":27.49699592590332},"rotation":{"x":-0.1615852266550064,"y":0.012431381270289421,"z":-0.002035345882177353,"w":-0.9867798089981079},"size":24.532941818237306,"orthographic":false}