{"cameraMode":{"drawMode":0,"name":"Shaded","section":"Shading Mode"},"sceneLighting":false,"audioPlay":false,"sceneViewState":{"m_AlwaysRefresh":false,"showFog":true,"showSkybox":false,"showFlares":true,"showImageEffects":true,"showParticleSystems":true,"showVisualEffectGraphs":true,"m_FxEnabled":true},"in2DMode":false,"pivot":{"x":0.6599999666213989,"y":4.769999980926514,"z":-0.33000004291534426},"rotation":{"x":-0.23358358442783357,"y":0.019539739936590196,"z":-0.004695297218859196,"w":-0.9721307158470154},"size":1.1258330345153809,"orthographic":false}